CREATE TABLE [accounts] ([account] INT,[balance] REAL,[address_id] SMALLINT);
INSERT INTO [accounts] ([account],[balance],[address_id]) VALUES 
 ('37','-174','37'), 
 ('38','-58','38'), 
 ('41','-58','41'), 
 ('44','-116','44'), 
 ('45','-95','45'), 
 ('53','-116','53'), 
 ('54','-58','54'), 
 ('58','-58','58'), 
 ('61','-58','61'), 
 ('65','-116','65'), 
 ('1','0','1'), 
 ('2','63','2'), 
 ('3','53.8','3'), 
 ('4','11.6','4'), 
 ('5','0','5'), 
 ('6','0','6'), 
 ('7','0','7'), 
 ('8','2.99','8'), 
 ('9','5','9'), 
 ('10','0','10'), 
 ('73','0','73'), 
 ('109676','-46.2','73'), 
 ('151','-126','151'), 
 ('100844','0','151'), 
 ('160','-977','160'), 
 ('100752','0','160'), 
 ('257','1','257'), 
 ('109424','-240','257'), 
 ('378','0','378'), 
 ('100561','0','378');

CREATE TABLE [service] ([absid] TINYINT,[account] INT,[serv_name] VARCHAR(10),[serv_status] VARCHAR(10),[tariff] TINYINT);
INSERT INTO [service] ([absid],[account],[serv_name],[serv_status],[tariff]) VALUES 
 ('1','37','SVOD','Active','43'), 
 ('2','38','MKD','Active','58'), 
 ('3','38','MKD','Completed', NULL), 
 ('4','41','MKD','Active','58'), 
 ('5','44','MKD','Active','58'), 
 ('6','53','MKD','Active','58'), 
 ('7','53','SVOD','Active','43'), 
 ('8','54','MKD','Active','58'), 
 ('9','58','MKD','Active','58'), 
 ('10','61','MKD','Active','58'), 
 ('11','65','MKD','Active','58'), 
 ('12','1','SVOD','Completed', NULL), 
 ('13','2','VB','Active','63'), 
 ('14','3','MKD','Active','58'), 
 ('15','4','SVOD','Active','43'), 
 ('16','7','MKD','Active','58'), 
 ('17','8','SVOD','Active','43'), 
 ('18','8','MKD','Active','58'), 
 ('19','9','SVOD','Active','43'), 
 ('20','9','MKD','Active','58'), 
 ('21','109676','SVOD','Active','43'), 
 ('22','73','BSUD','Completed', NULL), 
 ('23','151','MKD','Active','58'), 
 ('24','151','VB','Active','63'), 
 ('25','160','MKD','Active','58'), 
 ('26','160','VB','Active','63'), 
 ('27','257','SVOD','Active','43'), 
 ('28','109424','SVOD','Active','43'), 
 ('29','109424','MKD','Active','58'), 
 ('30','378','BSUD','Completed', NULL), 
 ('31','100561','SVOD','Completed', NULL);

 CREATE TABLE [b_add_sum] ([absid] TINYINT,[add_date] VARCHAR(10),[add_sum] TINYINT);
INSERT INTO [b_add_sum] ([absid],[add_date],[add_sum]) VALUES 
 ('1','01.12.2022','43'), 
 ('2','01.12.2022','58'), 
 ('4','01.12.2022','58'), 
 ('5','01.12.2022','58'), 
 ('6','01.12.2022','58'), 
 ('7','01.12.2022','43'), 
 ('8','01.12.2022','58'), 
 ('9','01.12.2022','58'), 
 ('10','01.12.2022','58'), 
 ('11','01.12.2022','58'), 
 ('13','01.12.2022','63'), 
 ('14','01.12.2022','58'), 
 ('15','01.12.2022','43'), 
 ('16','01.12.2022','58'), 
 ('17','01.12.2022','43'), 
 ('18','01.12.2022','58'), 
 ('19','01.12.2022','43'), 
 ('20','01.12.2022','58'), 
 ('21','01.12.2022','43'), 
 ('23','01.12.2022','58'), 
 ('24','01.12.2022','63'), 
 ('25','01.12.2022','58'), 
 ('26','01.12.2022','63'), 
 ('27','01.12.2022','43'), 
 ('28','01.12.2022','43'), 
 ('29','01.12.2022','58'), 
 ('1','01.11.2022','43'), 
 ('2','01.11.2022','58'), 
 ('4','01.11.2022','58'), 
 ('5','01.11.2022','58'), 
 ('6','01.11.2022','58'), 
 ('7','01.11.2022','43'), 
 ('8','01.11.2022','58'), 
 ('9','01.11.2022','58'), 
 ('10','01.11.2022','58'), 
 ('11','01.11.2022','58'), 
 ('13','01.11.2022','63'), 
 ('14','01.11.2022','58'), 
 ('15','01.11.2022','43'), 
 ('16','01.11.2022','58'), 
 ('17','01.11.2022','43'), 
 ('18','01.11.2022','58'), 
 ('19','01.11.2022','43'), 
 ('20','01.11.2022','58'), 
 ('21','01.11.2022','43'), 
 ('23','01.11.2022','58'), 
 ('24','01.11.2022','63'), 
 ('25','01.11.2022','58'), 
 ('26','01.11.2022','63'), 
 ('27','01.11.2022','43'), 
 ('28','01.11.2022','43'), 
 ('29','01.11.2022','58');